{
  "project_info": {
    "project_number": "607885938966",
    "firebase_url": "https://switch-app-4de1e.firebaseio.com",
    "project_id": "switch-app-4de1e",
    "storage_bucket": "switch-app-4de1e.appspot.com"
  },
  "client": [
    {
      "client_info": {
        "mobilesdk_app_id": "1:607885938966:android:8ef81ec813e6f34a3a4037",
        "android_client_info": {
          "package_name": "com.example.SwitchApp"
        }
      },
      "oauth_client": [
        {
          "client_id": "607885938966-dh5h3smsqhr3vs3sdnr1ro8mkrdcohe2.apps.googleusercontent.com",
          "client_type": 3
        }
      ],
      "api_key": [
        {
          "current_key": "AIzaSyDOiw3x3tZCHx1rpAkiu7XYYcPgLbzDlQ8"
        }
      ],
      "services": {
        "appinvite_service": {
          "other_platform_oauth_client": [
            {
              "client_id": "607885938966-dh5h3smsqhr3vs3sdnr1ro8mkrdcohe2.apps.googleusercontent.com",
              "client_type": 3
            }
          ]
        }
      }
    }
  ],
  "configuration_version": "1"
}