{
  "project_info": {
    "project_number": "630821014392",
    "firebase_url": "https://bech-da.firebaseio.com",
    "project_id": "bech-da",
    "storage_bucket": "bech-da.appspot.com"
  },
  "client": [
    {
      "client_info": {
        "mobilesdk_app_id": "1:630821014392:android:3d14498bb571a3ea",
        "android_client_info": {
          "package_name": "com.sarmad.bechda"
        }
      },
      "oauth_client": [
        {
          "client_id": "630821014392-jb33ae0n1gtvacjogn8lm3uaambkrbq1.apps.googleusercontent.com",
          "client_type": 1,
          "android_info": {
            "package_name": "com.sarmad.bechda",
            "certificate_hash": "3675de1ed738737bcd99ef521afee106c71ac75a"
          }
        },
        {
          "client_id": "630821014392-ts9hb4i7e4v30m4b3h4iaodg7knq35jh.apps.googleusercontent.com",
          "client_type": 1,
          "android_info": {
            "package_name": "com.sarmad.bechda",
            "certificate_hash": "96b1ac2f48ab898b80ab545fac1ac0f5e3152527"
          }
        },
        {
          "client_id": "630821014392-3hohopdjc8s80als671aj3hsgt32ibsm.apps.googleusercontent.com",
          "client_type": 3
        }
      ],
      "api_key": [
        {
          "current_key": "AIzaSyBEsJ0UfhcuBaRxa9ZD1yZRz3eDyyVQ8pA"
        }
      ],
      "services": {
        "appinvite_service": {
          "other_platform_oauth_client": [
            {
              "client_id": "630821014392-3hohopdjc8s80als671aj3hsgt32ibsm.apps.googleusercontent.com",
              "client_type": 3
            }
          ]
        }
      }
    }
  ],
  "configuration_version": "1"
}